,时间,当前温度,上一次温度,模块内部时间,Suc
0,Cmode=1,47,47,Tm=09:00,0 
1,			 Cmode=1,49,47,Tm=09:01,0 
2,03-20 09:04:19.232,50,49,Tm=09:02,0 
3,			,52,50,Tm=09:04,0 
4,03-20 09:06:17.765,52,52,Tm=09:04,0 
5,03-20 09:07:07.877,53,52,Tm=09:05,0 
6,03-20 09:08:14.241,54,54,Tm=09:06,0 
7,03-20 09:09:04.261,55,54,Tm=09:07,0 
8,03-20 09:09:54.203,56,55,Tm=09:07,0 
9,			 0Cmode=7,57,56,Tm=09:08,0 
10,03-20 09:11:34.165,57,57,Tm=09:09,0 
11,			,58,57,Tm=09:10,0 
12,03-20 09:13:35.644,60,60,Tm=08:00,0 
13,03-20 09:14:25.642,61,60,Tm=08:00,0 
14,03-20 09:15:16.873,62,61,Tm=08:01,0 
15,03-20 09:16:07.324,61,62,Tm=08:02,0 
16,03-20 09:16:55.608,62,61,Tm=08:03,0 
17,Cmode=7,62,62,Tm=08:04,0 
18,Cmode=7,63,62,Tm=08:05,0 
19,			,63,63,Tm=08:05,0 
20,			,65,63,Tm=08:06,0 
21,03-20 09:21:05.615,65,65,Tm=08:07,0 
22,03-20 09:22:51.296 0Cmode=7,65,65,Tm=09:21,0 
23,03-20 09:23:44.565,65,65,Tm=09:22,0 
24,03-20 09:24:34.606 0Cmode=7,66,65,Tm=09:22,0 
25,03-20 09:25:24.618,67,66,Tm=09:23,0 
26,03-20 09:26:14.646,67,67,Tm=09:24,0 
27,03-20 09:27:05.344,68,67,Tm=09:25,0 
28,03-20 09:27:54.873,69,68,Tm=09:26,0 
29,03-20 09:29:03.745,69,69,Tm=08:00,0 
30,03-20 09:30:05.769,70,69,Tm=09:29,0 
31,03-20 09:31:05.828,71,70,Tm=09:30,0 
32,03-20 09:31:55.872,72,71,Tm=09:31,0 
33,			,72,72,Tm=09:32,0 
34,03-20 09:33:36.803,72,72,Tm=09:32,0 
35,03-20 09:34:25.910 1Cmode=7,73,72,Tm=09:33,0 
36,03-20 09:35:16.142,74,73,Tm=09:34,0 
37,			,74,74,Tm=08:00,0 
38,Cmode=7,72,74,Tm=08:00,0 
39,03-20 09:38:19.097,71,72,Tm=08:01,1 
40,			,72,71,Tm=08:02,0 
41,03-20 09:40:00.481,72,72,Tm=08:03,0 
42,03-20 09:40:49.106,73,72,Tm=08:04,0 
43,Cmode=7,75,73,Tm=08:05,0 
44,Cmode=7,73,75,Tm=08:05,0 
45,03-20 09:43:19.130,72,73,Tm=08:06,1 
46,03-20 09:44:09.127,72,72,Tm=08:07,0 
47,03-20 09:46:32.444,72,72,Tm=08:00,0 
48,			,72,72,Tm=08:00,0 
49,03-20 09:48:11.675 1Cmode=7,74,72,Tm=08:01,0 
50,			,74,74,Tm=08:02,0 
51,Cmode=7,73,74,Tm=08:03,0 
52,03-20 09:50:42.089,72,73,Tm=08:04,0 
53,03-20 09:51:31.712,72,72,Tm=08:05,0 
54,03-20 09:52:21.694,72,72,Tm=08:05,0 
55,03-20 09:53:11.708 1Cmode=7,72,72,Tm=08:06,0 
56,03-20 09:54:01.721,72,72,Tm=08:07,0 
57,03-20 09:55:51.076,72,72,Tm=08:00,0 
58,Cmode=7,72,72,Tm=08:00,0 
59,Cmode=7,72,72,Tm=08:01,0 
60,			,71,72,Tm=08:02,0 
61,			,71,71,Tm=08:03,0 
62,			,71,71,Tm=08:04,0 
63,03-20 10:00:52.373 1Cmode=7,72,71,Tm=08:05,0 
64,03-20 10:01:41.185,72,72,Tm=08:05,0 
65,Cmode=7,71,72,Tm=08:06,0 
66,03-20 10:03:23.364,71,71,Tm=10:02,0 
67,			 0Cmode=7,71,71,Tm=10:03,0 
68,03-20 10:05:17.580,71,71,Tm=10:04,0 
69,03-20 10:06:07.598,72,71,Tm=10:05,0 
70,			,72,72,Tm=10:06,0 
71,			 1Cmode=7,73,72,Tm=10:07,0 
72,03-20 10:08:37.981,73,73,Tm=10:07,0 
73,03-20 10:09:45.486,73,73,Tm=10:07,0 
74,03-20 10:10:37.051 1Cmode=7,72,73,Tm=10:08,0 
75,Cmode=7,71,72,Tm=10:09,0 
76,03-20 10:12:19.573,70,71,Tm=10:10,0 
77,03-20 10:13:09.781,69,70,Tm=10:11,0 
78,			 1Cmode=7,67,69,Tm=10:11,0 
79,			,67,67,Tm=10:13,0 
80,03-20 10:16:11.739,67,67,Tm=10:14,0 
81,			,67,67,Tm=10:14,0 
82,03-20 10:17:51.397,68,67,Tm=10:15,0 
83,03-20 10:18:41.414,69,68,Tm=10:16,0 
84,			,70,69,Tm=10:17,0 
85,03-20 10:21:41.045,72,71,Tm=10:20,0 
86,03-20 10:22:31.075,72,72,Tm=10:21,0 
87,03-20 10:23:21.089,72,72,Tm=10:22,0 
88,03-20 10:24:10.352,73,72,Tm=10:23,0 
89,			,73,73,Tm=10:23,0 
90,03-20 10:25:51.345,74,73,Tm=10:24,0 
91,03-20 10:26:58.207,74,74,Tm=10:24,0 
92,			,75,74,Tm=10:25,0 
93,03-20 10:27:36.490,74,75,Tm=10:26,0 
94,			,73,74,Tm=10:27,0 
95,03-20 10:29:15.332,73,73,Tm=10:28,0 
96,03-20 10:30:05.548,72,73,Tm=10:29,0 
97,03-20 10:31:11.178,71,71,Tm=10:30,0 
98,03-20 10:31:59.834,69,71,Tm=10:30,0 
99,03-20 10:32:50.924,69,69,Tm=10:31,1 
100,03-20 10:33:40.860,67,69,Tm=10:32,0 
101,03-20 10:34:29.890 0Cmode=7,66,67,Tm=10:33,1 
102,Cmode=7,64,66,Tm=10:34,0 
103,03-20 10:36:35.346,62,62,Tm=10:35,0 
104,			,60,62,Tm=10:36,0 
105,03-20 10:38:15.388,59,60,Tm=10:37,1 
106,03-20 10:39:04.653,57,59,Tm=10:37,0 
107,03-20 10:39:54.726,55,57,Tm=10:38,1 
108,Cmode=7,Suc=Done! ,,,
109,03-20 10:40:44.756,54,55,Tm=10:39,0 
110,03-20 10:41:58.810,53,53,Tm=10:40,0 
111,03-20 10:42:48.817,53,53,Tm=10:41,0 
112,03-20 10:43:38.829,54,53,Tm=10:42,0 
113,03-20 10:44:28.856,55,54,Tm=10:43,0 
114,			,56,55,Tm=10:44,0 
115,03-20 10:46:08.956,56,56,Tm=10:45,0 
116,03-20 10:47:22.232,59,59,Tm=10:46,0 
117,03-20 10:48:19.005,59,59,Tm=10:47,0 
118,			,61,59,Tm=10:47,0 
119,03-20 10:50:12.568,62,61,Tm=10:48,0 
120,03-20 10:51:09.319,63,62,Tm=10:49,0 
121,03-20 10:52:06.081,64,63,Tm=10:50,0 
122,03-20 10:53:04.540,65,65,Tm=10:52,0 
123,03-20 10:53:59.470,66,65,Tm=10:53,0 
124,03-20 10:54:51.935,67,66,Tm=10:53,0 
125,03-20 10:55:44.307,68,67,Tm=10:54,0 
126,03-20 10:56:36.773,69,68,Tm=10:55,0 
127,03-20 10:57:29.196,69,69,Tm=10:56,0 
128,03-20 10:58:20.552,70,69,Tm=10:57,0 
129,03-20 10:59:30.208,71,71,Tm=10:57,0 
130,03-20 11:23:50.335,71,71,Tm=11:23,0 
131,03-20 11:25:05.020,72,72,Tm=11:23,0 
132,03-20 11:26:00.618,72,72,Tm=11:24,0 
133,03-20 11:26:56.200,73,72,Tm=11:25,0 
134,03-20 11:27:48.893,74,73,Tm=11:26,0 
135,03-20 11:28:40.982,74,74,Tm=11:26,0 
136,03-20 11:29:33.093,73,74,Tm=11:27,0 
137,03-20 11:30:40.074,73,73,Tm=11:28,0 
138,03-20 11:31:32.263,72,73,Tm=11:29,0 
139,03-20 11:32:24.163,72,72,Tm=11:30,0 
140,03-20 11:33:15.074,70,72,Tm=11:31,0 
141,			,70,70,Tm=11:32,1 
142,03-20 11:34:56.796,69,70,Tm=11:32,0 
143,03-20 11:35:47.571,69,69,Tm=11:33,0 
144,03-20 11:36:38.525,67,69,Tm=11:34,0 
145,03-20 11:37:29.266,67,67,Tm=11:35,1 
146,03-20 11:38:19.768,65,67,Tm=11:36,0 
147,03-20 11:39:10.098,64,65,Tm=11:37,1 
148,03-20 11:40:00.585,62,64,Tm=11:37,0 
149,Cmode=7,Suc=8Deg_short! ,,,
150,03-20 11:40:50.920,60,62,Tm=11:38,1 
151,Cmode=7,Suc=8Deg_short! ,,,
152,03-20 11:41:41.327,59,60,Tm=11:39,1 
153,Cmode=7,Suc=8Deg_short! ,,,
154,03-20 11:42:31.719,59,59,Tm=11:40,0 
155,Cmode=7,Suc=8Deg_short! ,,,
156,03-20 11:43:21.968,59,59,Tm=11:41,0 
157,Cmode=7,Suc=8Deg_short! ,,,
158,03-20 11:44:12.206,60,59,Tm=11:42,0 
159,Cmode=7,Suc=8Deg_short! ,,,
160,03-20 11:45:02.444 0Cmode=7,60,60,Tm=11:42,0 
161,Cmode=7,Suc=8Deg_short! ,,,
162,03-20 11:46:13.581,62,62,Tm=11:44,0 
163,03-20 11:47:03.910,63,62,Tm=11:44,0 
164,03-20 11:47:54.044,65,63,Tm=11:45,0 
165,			,66,65,Tm=11:46,0 
166,03-20 11:49:34.414,67,66,Tm=11:47,0 
167,03-20 11:50:24.687,67,67,Tm=11:48,0 
168,03-20 11:51:14.798,69,67,Tm=11:49,0 
169,			,70,69,Tm=11:49,0 
170,03-20 11:52:55.186,71,70,Tm=11:50,0 
171,03-20 11:53:45.357,72,71,Tm=11:51,0 
172,03-20 11:54:35.531,72,72,Tm=11:52,0 
173,03-20 11:55:25.779,73,72,Tm=11:53,0 
174,03-20 11:56:15.884,73,73,Tm=11:54,0 
175,03-20 11:57:06.103,74,73,Tm=11:54,0 
176,03-20 11:57:56.190,73,74,Tm=11:55,0 
177,03-20 11:58:46.433,72,73,Tm=11:56,0 
178,03-20 11:59:36.546,72,72,Tm=11:57,0 
179,03-20 12:00:26.756,72,72,Tm=11:58,0 
180,03-20 12:01:42.910,72,72,Tm=11:59,0 
181,03-20 12:02:33.148,72,72,Tm=12:00,0 
182,03-20 12:03:23.227,72,72,Tm=12:01,0 
183,03-20 12:04:13.463,72,72,Tm=12:02,0 
184,03-20 12:05:03.535,71,72,Tm=12:02,0 
185,03-20 12:05:53.809,71,71,Tm=12:03,0 
186,			,70,71,Tm=12:04,0 
187,03-20 12:07:34.137,71,70,Tm=12:05,0 
188,03-20 12:08:24.214,70,71,Tm=12:06,0 
189,03-20 12:09:14.460 1Cmode=7,69,70,Tm=12:07,0 
190,03-20 12:10:04.532,68,69,Tm=12:07,0 
191,03-20 12:10:54.777,67,68,Tm=12:08,0 
192,03-20 12:11:44.846,66,67,Tm=12:09,0 
193,03-20 12:12:34.956,65,66,Tm=12:10,0 
194,03-20 12:13:24.238,63,65,Tm=12:11,0 
195,Cmode=7,Suc=8Deg_short! ,,,
196,03-20 12:14:13.670,61,63,Tm=12:12,1 
197,Cmode=7,Suc=8Deg_short! ,,,
198,03-20 12:15:02.949,59,61,Tm=12:12,1 
199,Cmode=7,Suc=8Deg_short! ,,,
200,03-20 12:15:52.383,57,59,Tm=12:13,1 
201,Cmode=7,Suc=8Deg_short! ,,,
202,03-20 12:16:41.663,57,57,Tm=12:14,1 
203,Cmode=7,Suc=8Deg_short! ,,,
204,03-20 12:17:31.186,57,57,Tm=12:15,0 
205,Cmode=7,Suc=8Deg_short! ,,,
206,03-20 12:18:20.978,57,57,Tm=12:16,0 
207,Cmode=7,Suc=8Deg_short! ,,,
208,03-20 12:19:10.930,59,57,Tm=12:17,0 
209,Cmode=7,Suc=8Deg_short! ,,,
210,			,60,59,Tm=12:17,0 
211,03-20 12:20:50.666,60,60,Tm=12:18,0 
212,03-20 12:21:40.444,61,60,Tm=12:19,0 
213,03-20 12:22:30.433,63,61,Tm=12:20,0 
214,03-20 12:23:20.466,64,63,Tm=12:21,0 
215,03-20 12:24:10.560,65,64,Tm=12:22,0 
216,03-20 12:25:00.525,66,65,Tm=12:22,0 
217,03-20 12:25:50.650,67,66,Tm=12:23,0 
218,			,67,67,Tm=12:24,0 
219,03-20 12:27:30.817,68,67,Tm=12:25,0 
220,03-20 12:28:20.859,69,68,Tm=12:26,0 
221,03-20 12:29:11.062,70,69,Tm=12:27,0 
222,03-20 12:30:00.859,72,70,Tm=12:27,0 
223,03-20 12:30:50.776,72,72,Tm=12:28,0 
224,03-20 12:31:40.536,73,72,Tm=12:29,0 
225,03-20 12:32:30.465,74,73,Tm=12:30,0 
226,03-20 12:33:20.262,74,74,Tm=12:31,0 
227,03-20 12:34:10.162,73,74,Tm=12:32,0 
228,03-20 12:35:00.039,72,73,Tm=12:32,0 
229,03-20 12:35:50.156,72,72,Tm=12:33,0 
230,03-20 12:36:40.081,72,72,Tm=12:34,0 
231,03-20 12:37:30.219,72,72,Tm=12:35,0 
232,03-20 12:38:20.131,71,72,Tm=12:36,0 
233,03-20 12:39:10.268,71,71,Tm=12:37,0 
234,03-20 12:40:00.225,71,71,Tm=12:37,0 
235,03-20 12:40:50.424,71,71,Tm=12:38,0 
236,03-20 12:41:40.407,71,71,Tm=12:39,0 
237,03-20 12:42:30.575,72,71,Tm=12:40,0 
238,03-20 12:43:20.580,73,72,Tm=12:41,0 
239,03-20 12:44:10.749,74,73,Tm=12:42,0 
240,03-20 12:45:00.770,74,74,Tm=12:42,0 
241,03-20 12:46:05.475,74,74,Tm=12:43,0 
242,03-20 12:46:55.402,73,74,Tm=12:44,0 
243,03-20 12:47:45.331,73,73,Tm=12:45,0 
244,03-20 12:48:35.102,72,73,Tm=12:46,0 
245,03-20 12:49:25.056,72,72,Tm=12:47,0 
246,03-20 12:50:14.792,72,72,Tm=12:48,0 
247,03-20 12:51:04.727,72,72,Tm=12:48,0 
248,03-20 12:51:54.551,72,72,Tm=12:49,0 
249,03-20 12:52:44.655,72,72,Tm=12:50,0 
250,03-20 12:53:34.572,72,72,Tm=12:51,0 
251,03-20 12:54:24.666,72,72,Tm=12:52,0 
252,03-20 12:55:14.598,72,72,Tm=12:53,0 
253,03-20 12:56:04.604,72,72,Tm=12:53,0 
254,03-20 12:56:54.660,72,72,Tm=12:54,0 
255,03-20 12:57:44.777,72,72,Tm=12:55,0 
256,03-20 12:58:34.752,72,72,Tm=12:56,0 
257,03-20 12:59:24.905,72,72,Tm=12:57,0 
258,03-20 13:00:14.886,72,72,Tm=12:58,0 
259,03-20 13:01:05.028,72,72,Tm=12:58,0 
260,03-20 13:01:55.025,72,72,Tm=12:59,0 
261,03-20 13:02:45.191,72,72,Tm=13:00,0 
262,03-20 13:03:35.188,72,72,Tm=13:01,0 
263,			,72,72,Tm=13:02,0 
264,Cmode=7,72,72,Tm=13:03,0 
265,03-20 13:06:05.180,72,72,Tm=13:03,0 
266,			,72,72,Tm=13:04,0 
267,03-20 13:07:45.077,72,72,Tm=13:05,0 
268,03-20 13:08:35.012,71,72,Tm=13:06,0 
269,03-20 13:09:25.051,72,71,Tm=13:07,0 
270,03-20 13:10:30.324,71,71,Tm=13:08,0 
271,03-20 13:11:20.445,71,71,Tm=13:09,0 
272,03-20 13:12:10.403,71,71,Tm=13:10,0 
273,03-20 13:13:00.519,72,71,Tm=13:10,0 
274,03-20 13:13:50.486,72,72,Tm=13:11,0 
275,03-20 13:14:40.638,73,72,Tm=13:12,0 
276,03-20 13:15:30.618,74,73,Tm=13:13,0 
277,03-20 13:16:20.768,74,74,Tm=13:14,0 
278,03-20 13:17:10.752,74,74,Tm=13:15,0 
279,03-20 13:18:00.905,73,74,Tm=13:15,0 
280,03-20 13:18:50.896,73,73,Tm=13:16,0 
281,03-20 13:19:41.061,73,73,Tm=13:17,0 
282,03-20 13:20:31.042,73,73,Tm=13:18,0 
283,03-20 13:21:21.061,73,73,Tm=13:19,0 
284,03-20 13:22:10.981,72,73,Tm=13:20,0 
285,03-20 13:23:00.926,72,72,Tm=13:20,0 
286,03-20 13:23:50.784,72,72,Tm=13:21,0 
287,03-20 13:24:40.795,72,72,Tm=13:22,0 
288,03-20 13:25:30.660,72,72,Tm=13:23,0 
289,03-20 13:26:20.752,72,72,Tm=13:24,0 
290,03-20 13:27:10.689,72,72,Tm=13:25,0 
291,03-20 13:28:00.787,72,72,Tm=13:25,0 
292,03-20 13:28:50.733,72,72,Tm=13:26,0 
293,03-20 13:29:40.829,72,72,Tm=13:27,0 
294,03-20 13:30:30.771,72,72,Tm=13:28,0 
295,03-20 13:31:20.905,72,72,Tm=13:29,0 
296,03-20 13:32:10.862,72,72,Tm=13:30,0 
297,03-20 13:33:00.996,72,72,Tm=13:30,0 
298,03-20 13:33:50.957,72,72,Tm=13:31,0 
299,03-20 13:34:41.098,72,72,Tm=13:32,0 
300,03-20 13:35:31.068,72,72,Tm=13:33,0 
301,03-20 13:36:21.239,72,72,Tm=13:34,0 
302,03-20 13:37:11.196,72,72,Tm=13:35,0 
303,03-20 13:38:01.279,72,72,Tm=13:35,0 
304,03-20 13:38:51.177,72,72,Tm=13:36,0 
305,03-20 13:39:41.144,72,72,Tm=13:37,0 
306,03-20 13:40:31.118,72,72,Tm=13:38,0 
307,03-20 13:41:21.171,72,72,Tm=13:39,0 
308,03-20 13:42:11.065,71,72,Tm=13:40,0 
309,03-20 13:43:01.139,71,71,Tm=13:40,0 
310,03-20 13:43:51.083,71,71,Tm=13:41,0 
311,03-20 13:44:41.193,72,71,Tm=13:42,0 
312,03-20 13:45:31.140,71,72,Tm=13:43,0 
313,03-20 13:46:21.251,71,71,Tm=13:44,0 
314,03-20 13:47:11.194,70,71,Tm=13:45,0 
315,03-20 13:48:01.312,69,70,Tm=13:45,0 
316,03-20 13:48:51.285,68,69,Tm=13:46,0 
317,03-20 13:49:41.390,67,68,Tm=13:47,0 
318,03-20 13:50:31.432,66,67,Tm=13:48,0 
319,03-20 13:51:21.557,65,66,Tm=13:49,0 
320,03-20 13:52:11.486,63,65,Tm=13:50,0 
321,Cmode=7,Suc=8Deg_short! ,,,
322,03-20 13:53:01.616,61,63,Tm=13:50,1 
323,Cmode=7,Suc=8Deg_short! ,,,
324,03-20 13:53:51.596,59,61,Tm=13:51,1 
325,Cmode=7,Suc=8Deg_short! ,,,
326,03-20 13:54:41.751,57,59,Tm=13:52,1 
327,Cmode=7,Suc=8Deg_short! ,,,
328,03-20 13:55:31.636,58,57,Tm=13:53,1 
329,Cmode=7,Suc=8Deg_short! ,,,
330,03-20 13:56:21.701,59,58,Tm=13:54,0 
331,Cmode=7,Suc=8Deg_short! ,,,
332,03-20 13:57:11.615,59,59,Tm=13:55,0 
333,Cmode=7,Suc=8Deg_short! ,,,
334,03-20 13:58:01.689,60,59,Tm=13:55,0 
335,Cmode=7,Suc=8Deg_short! ,,,
336,03-20 13:58:51.601,61,60,Tm=13:56,0 
337,03-20 13:59:41.593,62,61,Tm=13:57,0 
338,03-20 14:58:49.450,74,74,Tm=14:56,0 
339,03-20 15:42:34.963,61,61,Tm=15:40,0 
340,03-20 15:43:25.075,61,61,Tm=15:41,0 
341,03-20 15:44:15.012,62,61,Tm=15:42,0 
342,03-20 15:45:05.130,63,62,Tm=15:43,0 
343,03-20 15:45:55.074,64,63,Tm=15:43,0 
344,03-20 15:46:45.191,65,64,Tm=15:44,0 
345,03-20 15:47:35.133,66,65,Tm=15:45,0 
346,03-20 15:48:25.252,67,66,Tm=15:46,0 
347,03-20 15:49:15.200,68,67,Tm=15:47,0 
348,03-20 15:50:05.325,69,68,Tm=15:48,0 
349,03-20 15:50:55.273,70,69,Tm=15:48,0 
350,03-20 15:52:14.771,70,70,Tm=15:50,0 
351,03-20 15:53:04.636,70,70,Tm=15:51,0 
352,03-20 15:53:54.774,70,70,Tm=15:51,0 
353,03-20 15:54:44.762,70,70,Tm=15:52,0 
354,03-20 15:55:34.876,69,70,Tm=15:53,0 
355,03-20 15:56:24.838,69,69,Tm=15:54,0 
356,03-20 15:57:14.950,69,69,Tm=15:55,0 
357,03-20 15:58:04.917,69,69,Tm=15:56,0 
358,03-20 15:58:55.027,69,69,Tm=15:56,0 
359,03-20 15:59:44.986,69,69,Tm=15:57,0 
360,03-20 16:00:35.118,69,69,Tm=15:58,0 
361,			,68,69,Tm=15:59,0 
362,03-20 16:02:15.148,69,68,Tm=16:00,0 
363,03-20 16:03:05.135,68,69,Tm=16:01,0 
364,03-20 16:03:55.269,68,68,Tm=16:01,0 
365,03-20 16:04:45.220,68,68,Tm=16:02,0 
366,03-20 16:05:35.339,68,68,Tm=16:03,0 
367,03-20 16:06:25.300,68,68,Tm=16:04,0 
368,			,68,68,Tm=16:05,0 
369,03-20 16:08:05.443,68,68,Tm=16:06,0 
370,03-20 16:08:55.519,67,68,Tm=16:06,0 
371,03-20 16:09:45.470,67,67,Tm=16:07,0 
372,03-20 16:10:35.604,67,67,Tm=16:08,0 
373,03-20 16:11:25.550,67,67,Tm=16:09,0 
374,03-20 16:12:15.688,67,67,Tm=16:10,0 
375,03-20 16:13:05.544,67,67,Tm=16:11,0 
376,03-20 16:13:55.620,67,67,Tm=16:11,0 
377,03-20 16:14:45.649,67,67,Tm=16:12,0 
378,03-20 16:15:35.534,67,67,Tm=16:13,0 
379,03-20 16:16:25.545,67,67,Tm=16:14,0 
380,03-20 16:17:15.647,67,67,Tm=16:15,0 
381,03-20 16:18:05.636,67,67,Tm=16:16,0 
382,03-20 16:18:55.697,67,67,Tm=16:16,0 
383,03-20 16:19:45.638,67,67,Tm=16:17,0 
384,03-20 16:20:35.747,67,67,Tm=16:18,0 
385,03-20 16:21:25.695,67,67,Tm=16:19,0 
386,03-20 16:22:15.849,67,67,Tm=16:20,0 
387,03-20 16:23:05.762,66,67,Tm=16:21,0 
388,03-20 16:23:55.869,66,66,Tm=16:21,0 
389,03-20 16:24:45.828,66,66,Tm=16:22,0 
390,03-20 16:25:35.939,66,66,Tm=16:23,0 
391,03-20 16:26:25.889,66,66,Tm=16:24,0 
392,03-20 16:27:16.011,66,66,Tm=16:25,0 
393,03-20 16:28:05.955,66,66,Tm=16:26,0 
394,03-20 16:28:56.079,66,66,Tm=16:26,0 
395,03-20 16:29:46.021,66,66,Tm=16:27,0 
396,03-20 16:30:36.142,66,66,Tm=16:28,0 
397,03-20 16:31:26.101,66,66,Tm=16:29,0 
398,03-20 16:32:16.213,65,66,Tm=16:30,0 
399,03-20 16:33:06.179,65,65,Tm=16:31,0 
400,03-20 16:33:56.293,65,65,Tm=16:31,0 
401,03-20 16:34:46.249,65,65,Tm=16:32,0 
402,03-20 16:35:36.377,65,65,Tm=16:33,0 
403,03-20 16:36:26.328,65,65,Tm=16:34,0 
404,03-20 16:37:16.457,65,65,Tm=16:35,0 
405,03-20 16:38:06.403,65,65,Tm=16:36,0 
406,03-20 16:38:56.543,65,65,Tm=16:36,0 
407,03-20 16:39:46.486,65,65,Tm=16:37,0 
408,03-20 16:40:36.598,64,65,Tm=16:38,0 
409,03-20 16:41:26.552,63,64,Tm=16:39,0 
410,03-20 16:42:19.024,61,63,Tm=16:40,0 
411,03-20 16:43:08.970,60,61,Tm=16:41,1 
412,03-20 16:43:59.101,59,60,Tm=16:41,0 
413,03-20 16:44:49.064,56,59,Tm=16:42,0 
414,Cmode=7,Suc=5Deg_short! ,,,
415,03-20 16:45:39.179,55,56,Tm=16:43,1 
416,Cmode=7,Suc=5Deg_short! ,,,
417,03-20 16:46:29.119,52,55,Tm=16:44,0 
418,Cmode=7,Suc=5Deg_short! ,,,
419,03-20 16:47:19.218,50,52,Tm=16:45,1 
420,Cmode=7,Suc=5Deg_short! ,,,
421,03-20 16:48:09.166,49,50,Tm=16:46,1 
422,Cmode=7,Suc=5Deg_short! ,,,
423,03-20 16:48:59.267,48,49,Tm=16:46,0 
424,Cmode=7,Suc=5Deg_short! ,,,
425,03-20 16:49:49.209,47,48,Tm=16:47,0 
426,Cmode=7,Suc=5Deg_short! ,,,
427,03-20 16:50:39.321,47,47,Tm=16:48,0 
428,Cmode=7,Suc=5Deg_short! ,,,
429,03-20 16:51:29.263 0Cmode=7,48,47,Tm=16:49,0 
430,Cmode=7,Suc=5Deg_short! ,,,
431,03-20 16:52:19.374,48,48,Tm=16:50,0 
432,Cmode=7,Suc=5Deg_short! ,,,
433,03-20 16:53:09.323,49,48,Tm=16:51,0 
434,Cmode=7,Suc=5Deg_short! ,,,
435,03-20 16:53:59.432,50,49,Tm=16:51,0 
436,03-20 16:54:49.371,52,50,Tm=16:52,0 
437,03-20 16:55:39.494,54,52,Tm=16:53,0 
438,03-20 16:56:29.470,55,54,Tm=16:54,0 
439,03-20 16:57:19.592,54,55,Tm=16:55,0 
440,03-20 16:58:09.539,53,54,Tm=16:56,0 
441,03-20 16:58:59.661,53,53,Tm=16:56,0 
442,03-20 16:59:49.668,53,53,Tm=16:57,0 
443,03-20 17:00:39.730,52,53,Tm=16:58,0 
444,03-20 17:01:29.676,52,52,Tm=16:59,0 
445,03-20 17:02:19.962,52,52,Tm=17:00,0 
446,03-20 17:03:09.756,52,52,Tm=17:01,0 
447,03-20 17:03:59.868,52,52,Tm=17:01,0 
448,03-20 17:04:49.828,52,52,Tm=17:02,0 
449,03-20 17:05:39.939,52,52,Tm=17:03,0 
450,			,52,52,Tm=17:04,0 
451,03-20 17:07:20.027,52,52,Tm=17:05,0 
452,03-20 17:08:09.984,51,52,Tm=17:06,0 
453,03-20 17:09:00.119,51,51,Tm=17:06,0 
454,			,51,51,Tm=17:07,0 
455,03-20 17:10:40.184,51,51,Tm=17:08,0 
456,03-20 17:11:30.134,51,51,Tm=17:09,0 
457,03-20 17:12:20.180,51,51,Tm=17:10,0 
458,03-20 17:13:10.218,51,51,Tm=17:11,0 
459,03-20 17:14:00.335,51,51,Tm=17:11,0 
460,03-20 17:14:50.286,51,51,Tm=17:12,0 
461,03-20 17:15:40.412,51,51,Tm=17:13,0 
462,03-20 17:16:30.371,51,51,Tm=17:14,0 
463,03-20 17:17:20.489,51,51,Tm=17:15,0 
464,03-20 17:18:10.450,51,51,Tm=17:16,0 
465,03-20 17:19:00.569,51,51,Tm=17:16,0 
466,03-20 17:19:50.494,51,51,Tm=17:17,0 
467,03-20 17:20:40.579,51,51,Tm=17:18,0 
468,03-20 17:21:30.502,51,51,Tm=17:19,0 
469,03-20 17:22:20.553,51,51,Tm=17:20,0 
470,03-20 17:23:10.505,53,51,Tm=17:21,0 
471,03-20 17:24:00.574,55,53,Tm=17:21,0 
472,			,54,55,Tm=17:22,0 
473,03-20 17:25:40.607,54,54,Tm=17:23,0 
474,			,53,54,Tm=17:24,0 
475,03-20 17:27:20.632,53,53,Tm=17:25,0 
476,03-20 17:28:10.612,53,53,Tm=17:26,0 
477,03-20 17:29:00.718,53,53,Tm=17:26,0 
478,03-20 17:29:50.662,53,53,Tm=17:27,0 
479,03-20 17:30:40.766,53,53,Tm=17:28,0 
480,03-20 17:31:30.719,53,53,Tm=17:29,0 
481,03-20 17:32:20.875,53,53,Tm=17:30,0 
482,Cmode=7,52,53,Tm=17:31,0 
483,03-20 17:34:01.050,53,52,Tm=17:31,0 
484,03-20 17:34:51.005,52,53,Tm=17:32,0 
485,03-20 17:35:41.116,52,52,Tm=17:33,0 
486,03-20 17:36:31.059,52,52,Tm=17:34,0 
487,			,53,52,Tm=17:35,0 
488,03-20 17:38:11.129,52,53,Tm=17:36,0 
489,			,52,52,Tm=17:36,0 
490,			,53,52,Tm=17:37,0 
491,03-20 17:40:41.312,52,53,Tm=17:38,0 
492,03-20 17:41:31.273,52,52,Tm=17:39,0 
493,03-20 17:42:37.523,52,52,Tm=17:40,0 
494,03-20 17:43:27.479,52,52,Tm=17:41,0 
495,03-20 17:44:17.593,52,52,Tm=17:42,0 
496,03-20 17:45:07.539,52,52,Tm=17:43,0 
497,03-20 17:45:57.652,52,52,Tm=17:43,0 
498,03-20 17:46:47.602,52,52,Tm=17:44,0 
499,03-20 17:47:37.720,52,52,Tm=17:45,0 
500,03-20 17:48:27.665,52,52,Tm=17:46,0 
501,03-20 17:49:17.784,52,52,Tm=17:47,0 
502,03-20 17:50:07.734,52,52,Tm=17:48,0 
503,03-20 17:50:57.849,52,52,Tm=17:48,0 
504,			,52,52,Tm=17:49,0 
505,03-20 17:52:37.964,52,52,Tm=17:50,0 
506,03-20 17:53:27.916,52,52,Tm=17:51,0 
507,03-20 17:54:18.047,52,52,Tm=17:52,0 
508,03-20 17:55:07.991,52,52,Tm=17:53,0 
509,03-20 17:55:58.096,52,52,Tm=17:53,0 
510,03-20 17:56:48.047,52,52,Tm=17:54,0 
511,03-20 17:57:38.163,52,52,Tm=17:55,0 
512,03-20 17:58:28.112,52,52,Tm=17:56,0 
513,03-20 17:59:18.236,52,52,Tm=17:57,0 
514,Cmode=7,51,52,Tm=17:58,0 
515,03-20 18:00:58.406,52,51,Tm=17:58,0 
516,03-20 18:01:48.352,52,52,Tm=17:59,0 
517,03-20 18:02:38.474,52,52,Tm=18:00,0 
518,			,51,52,Tm=18:01,0 
519,03-20 18:04:18.580,51,51,Tm=18:02,0 
520,03-20 18:05:08.537,51,51,Tm=18:03,0 
521,03-20 18:05:58.662,51,51,Tm=18:03,0 
522,03-20 18:06:48.604,51,51,Tm=18:04,0 
523,03-20 18:07:38.714,51,51,Tm=18:05,0 
524,03-20 18:08:28.699,51,51,Tm=18:06,0 
525,03-20 18:09:18.785,51,51,Tm=18:07,0 
526,03-20 18:10:08.743,51,51,Tm=18:08,0 
527,03-20 18:10:58.891,51,51,Tm=18:08,0 
528,03-20 18:11:48.805,51,51,Tm=18:09,0 
529,03-20 18:12:38.921,51,51,Tm=18:10,0 
530,03-20 18:13:28.873,51,51,Tm=18:11,0 
531,03-20 18:14:18.986,51,51,Tm=18:12,0 
532,03-20 18:15:08.934,51,51,Tm=18:13,0 
533,03-20 18:15:59.099,51,51,Tm=18:13,0 
534,03-20 18:16:49.009,51,51,Tm=18:14,0 
535,			,51,51,Tm=18:15,0 
536,03-20 18:18:29.077,51,51,Tm=18:16,0 
537,03-20 18:19:19.181,51,51,Tm=18:17,0 
538,03-20 18:20:09.140,51,51,Tm=18:18,0 
539,03-20 18:21:49.959,51,51,Tm=18:19,0 
540,03-20 18:22:40.148,51,51,Tm=18:20,0 
541,03-20 18:23:30.040,51,51,Tm=18:21,0 
542,03-20 18:24:20.182,51,51,Tm=18:22,0 
543,03-20 18:25:10.106,51,51,Tm=18:23,0 
544,03-20 18:26:50.639,53,52,Tm=18:24,0 
545,03-20 18:27:40.344,53,53,Tm=18:25,0 
546,03-20 18:28:30.228,53,53,Tm=18:26,0 
547,Cmode=7,53,53,Tm=18:27,0 
548,03-20 18:30:10.276 0Cmode=7,52,53,Tm=18:28,0 
549,03-20 18:31:00.394,50,52,Tm=18:28,0 
550,03-20 18:31:50.294,49,50,Tm=18:29,1 
551,03-20 18:32:40.630,48,49,Tm=18:30,0 
552,03-20 18:33:30.373,46,48,Tm=18:31,0 
553,03-20 18:34:20.444,45,46,Tm=18:32,1 
554,03-20 18:35:10.374,45,45,Tm=18:33,0 
555,03-20 18:36:00.569 0Cmode=7,44,45,Tm=18:33,0 
556,Cmode=7,Suc=Done! Calc5Degree! ,,,
557,03-20 18:36:50.546,43,44,Tm=18:34,0 
558,Cmode=7,Suc=5Deg_short! ,,,
559,03-20 18:38:30.577,42,42,Tm=18:36,0 
560,Cmode=7,Suc=5Deg_short! ,,,
561,03-20 18:39:20.716,43,42,Tm=18:37,0 
562,Cmode=7,Suc=5Deg_short! ,,,
563,03-20 18:40:10.636 0Cmode=7,44,43,Tm=18:38,0 
564,03-20 18:41:00.758,45,44,Tm=18:38,0 
565,03-20 18:42:19.554,46,45,Tm=18:40,0 
566,03-20 18:43:09.756,47,46,Tm=18:41,0 
567,			,49,47,Tm=18:41,0 
568,03-20 18:44:49.786 0Cmode=7,49,49,Tm=18:42,0 
569,03-20 18:45:39.723,50,49,Tm=18:43,0 
570,03-20 18:46:29.832,50,50,Tm=18:44,0 
571,03-20 18:47:21.033,51,50,Tm=18:45,0 
572,03-20 18:48:09.910,52,51,Tm=18:46,0 
573,03-20 18:48:59.864,53,52,Tm=18:46,0 
574,03-20 18:49:50.910,54,53,Tm=18:47,0 
575,03-20 18:50:40.879,55,54,Tm=18:48,0 
576,03-20 18:51:30.240,53,55,Tm=18:49,0 
577,03-20 18:52:20.396,52,53,Tm=18:50,1 
578,03-20 18:53:10.304,50,52,Tm=18:51,0 
579,03-20 18:54:00.242,52,50,Tm=18:51,1 
580,			,53,52,Tm=18:52,0 
581,03-20 18:55:40.322,55,53,Tm=18:53,0 
582,03-20 18:56:30.448,53,55,Tm=18:54,0 
583,03-20 18:57:20.386,52,53,Tm=18:55,1 
584,03-20 18:58:10.590,52,52,Tm=18:56,0 
585,03-20 18:59:00.450 1Cmode=7,51,52,Tm=18:56,0 
586,03-20 18:59:50.576,51,51,Tm=18:57,0 
587,03-20 19:00:40.530,51,51,Tm=18:58,0 
588,03-20 19:01:30.640,51,51,Tm=18:59,0 
589,03-20 19:02:20.594,53,51,Tm=19:00,0 
590,03-20 19:03:10.767,55,53,Tm=19:01,0 
591,03-20 19:04:00.674,54,55,Tm=19:01,0 
592,03-20 19:04:50.784,53,54,Tm=19:02,0 
593,03-20 19:06:30.895,52,52,Tm=19:04,0 
594,			,52,52,Tm=19:05,0 
595,03-20 19:08:11.630,52,52,Tm=19:06,0 
596,03-20 19:09:00.866,52,52,Tm=19:06,0 
597,03-20 19:09:50.992,52,52,Tm=19:07,0 
598,03-20 19:10:40.931 1Cmode=7,52,52,Tm=19:08,0 
599,03-20 19:12:21.010,52,52,Tm=19:10,0 
600,03-20 19:13:11.323,52,52,Tm=19:11,0 
601,03-20 19:14:01.075,51,52,Tm=19:11,0 
602,			,51,51,Tm=19:12,0 
603,Cmode=7,52,51,Tm=19:13,0 
604,03-20 19:16:32.185,51,52,Tm=19:14,0 
605,			 Cmode=7,WIn=52,Last=,,
606,03-20 19:18:11.375,51,52,Tm=19:16,0 
607,03-20 19:19:01.345,51,51,Tm=19:16,0 
608,03-20 19:19:51.440 1Cmode=7,51,51,Tm=19:17,0 
609,03-20 19:20:42.564,51,51,Tm=19:18,0 
610,03-20 19:21:31.504,51,51,Tm=19:19,0 
611,03-20 19:22:21.520,51,51,Tm=19:20,0 
612,03-20 19:23:11.584,51,51,Tm=19:21,0 
613,03-20 19:24:02.427,51,51,Tm=19:21,0 
614,03-20 19:24:51.648,51,51,Tm=19:22,0 
615,03-20 19:25:42.709,51,51,Tm=19:23,0 
616,03-20 19:26:31.712 1Cmode=7,51,51,Tm=19:24,0 
617,03-20 19:27:21.666,51,51,Tm=19:25,0 
618,03-20 19:28:11.792,51,51,Tm=19:26,0 
619,03-20 19:29:01.761,51,51,Tm=19:26,0 
620,03-20 19:29:51.856,51,51,Tm=19:27,0 
621,			,51,51,Tm=19:28,0 
622,03-20 19:31:32.279,51,51,Tm=19:29,0 
623,03-20 19:32:21.874,51,51,Tm=19:30,0 
624,03-20 19:33:11.922,51,51,Tm=19:31,0 
625,03-20 19:34:01.985 0Cmode=7,51,51,Tm=19:31,0 
626,03-20 19:34:52.080,51,51,Tm=19:32,0 
627,03-20 19:35:42.002,51,51,Tm=19:33,0 
628,03-20 19:36:32.152,51,51,Tm=19:34,0 
629,03-20 19:37:22.013,51,51,Tm=19:35,0 
630,03-20 19:38:12.139,51,51,Tm=19:36,0 
631,			,51,51,Tm=19:36,0 
632,03-20 19:39:52.235,51,51,Tm=19:37,0 
633,03-20 19:40:42.158,51,51,Tm=19:38,0 
634,03-20 19:41:32.206,51,51,Tm=19:39,0 
635,03-20 19:42:55.418,51,51,Tm=19:40,0 
636,03-20 19:43:44.487 0Cmode=7,51,51,Tm=19:41,0 
637,03-20 19:44:34.446,51,51,Tm=19:42,0 
638,03-20 19:45:24.544,51,51,Tm=19:43,0 
639,03-20 19:46:14.490,51,51,Tm=19:44,0 
640,03-20 19:47:04.596,51,51,Tm=19:44,0 
641,03-20 19:47:54.546,51,51,Tm=19:45,0 
642,03-20 19:48:44.792,51,51,Tm=19:46,0 
643,03-20 19:49:34.602,51,51,Tm=19:47,0 
644,03-20 19:50:24.708,53,51,Tm=19:48,0 
645,03-20 19:51:14.674,55,53,Tm=19:49,0 
646,03-20 19:52:04.782,54,55,Tm=19:49,0 
647,03-20 19:52:55.982,53,54,Tm=19:50,0 
648,03-20 19:53:45.108,52,53,Tm=19:51,0 
649,03-20 19:54:34.795,52,52,Tm=19:52,0 
650,03-20 19:55:24.903 0Cmode=7,52,52,Tm=19:53,0 
651,03-20 19:56:14.855,52,52,Tm=19:54,0 
652,03-20 19:57:04.203,52,52,Tm=19:54,0 
653,03-20 19:57:54.154,52,52,Tm=19:55,0 
654,03-20 19:58:44.272,52,52,Tm=19:56,0 
655,03-20 19:59:34.230,52,52,Tm=19:57,0 
656,03-20 20:00:24.339,52,52,Tm=19:58,0 
657,03-20 20:01:14.293,52,52,Tm=19:59,0 
658,03-20 20:02:05.246,52,52,Tm=19:59,0 
659,03-20 20:02:55.152,52,52,Tm=20:00,0 
660,03-20 20:03:45.245,52,52,Tm=20:01,0 
661,			,52,52,Tm=20:02,0 
662,03-20 20:05:25.776,52,52,Tm=20:03,0 
663,03-20 20:06:16.665,52,52,Tm=20:04,0 
664,03-20 20:07:05.370 1Cmode=7,52,52,Tm=20:04,0 
665,03-20 20:07:55.464,52,52,Tm=20:05,0 
666,			,52,52,Tm=20:06,0 
667,			,52,52,Tm=20:07,0 
668,03-20 20:10:25.839,52,52,Tm=20:08,0 
669,Cmode=7,52,52,Tm=20:09,0 
670,			,51,52,Tm=20:10,0 
671,03-20 20:13:46.168,51,51,Tm=20:11,0 
672,03-20 20:14:36.028,51,51,Tm=20:12,0 
673,03-20 20:15:25.716,51,51,Tm=20:13,0 
674,03-20 20:16:15.701,51,51,Tm=20:14,0 
675,03-20 20:17:05.810,51,51,Tm=20:14,0 
676,03-20 20:17:55.764,51,51,Tm=20:15,0 
677,03-20 20:18:45.842,51,51,Tm=20:16,0 
678,03-20 20:19:35.795 1Cmode=7,51,51,Tm=20:17,0 
679,03-20 20:20:25.983 1Cmode=7,51,51,Tm=20:18,0 
680,03-20 20:21:16.763,51,51,Tm=20:19,0 
681,			,51,51,Tm=20:19,0 
682,03-20 20:22:56.686 1Cmode=7,51,51,Tm=20:20,0 
683,03-20 20:23:46.046,51,51,Tm=20:21,0 
684,03-20 20:24:36.920,51,51,Tm=20:22,0 
685,03-20 20:25:26.125,51,51,Tm=20:23,0 
686,03-20 20:26:16.078,51,51,Tm=20:24,0 
687,03-20 20:27:06.188,51,51,Tm=20:24,0 
688,03-20 20:27:56.843,51,51,Tm=20:25,0 
689,03-20 20:28:46.344,51,51,Tm=20:26,0 
690,03-20 20:29:36.204,51,51,Tm=20:27,0 
691,03-20 20:30:26.329,51,51,Tm=20:28,0 
692,			,51,51,Tm=20:29,0 
693,03-20 20:32:06.813,51,51,Tm=20:29,0 
694,03-20 20:32:56.361,51,51,Tm=20:30,0 
695,03-20 20:33:46.455,51,51,Tm=20:31,0 
696,03-20 20:34:36.439,51,51,Tm=20:32,0 
697,03-20 20:35:26.533,51,51,Tm=20:33,0 
698,03-20 20:36:16.518,51,51,Tm=20:34,0 
699,03-20 20:37:06.658,51,51,Tm=20:34,0 
700,03-20 20:37:56.565,51,51,Tm=20:35,0 
701,03-20 20:38:46.706,51,51,Tm=20:36,0 
702,03-20 20:39:36.753,51,51,Tm=20:37,0 
703,03-20 20:40:26.753,51,51,Tm=20:38,0 
704,03-20 20:41:16.675,51,51,Tm=20:39,0 
705,03-20 20:42:08.563,51,51,Tm=20:40,0 
706,03-20 20:42:58.501,51,51,Tm=20:40,0 
707,03-20 20:43:48.626,51,51,Tm=20:41,0 
708,03-20 20:44:38.559,51,51,Tm=20:42,0 
709,03-20 20:45:28.663,51,51,Tm=20:43,0 
710,03-20 20:46:18.595,51,51,Tm=20:44,0 
711,03-20 20:47:08.683,51,51,Tm=20:45,0 
712,03-20 20:47:58.616,51,51,Tm=20:45,0 
713,03-20 20:48:48.797,51,51,Tm=20:46,0 
714,03-20 20:49:38.639,51,51,Tm=20:47,0 
715,			,51,51,Tm=20:48,0 
716,03-20 20:51:18.687,54,51,Tm=20:49,0 
717,03-20 20:52:08.368 0Cmode=7,55,54,Tm=20:50,0 
718,03-20 20:52:59.624,54,55,Tm=20:50,0 
719,03-20 20:53:48.852 1Cmode=7,53,54,Tm=20:51,0 
720,03-20 20:54:38.799,53,53,Tm=20:52,0 
721,03-20 20:55:28.952,52,53,Tm=20:53,0 
722,03-20 20:56:18.903,52,52,Tm=20:54,0 
723,03-20 20:57:08.994,52,52,Tm=20:55,0 
724,			,52,52,Tm=20:55,0 
725,03-20 20:58:49.721,52,52,Tm=20:56,0 
726,03-20 20:59:38.970,52,52,Tm=20:57,0 
727,03-20 21:00:29.094,52,52,Tm=20:58,0 
728,03-20 21:01:19.062,52,52,Tm=20:59,0 
729,03-20 21:02:09.186,52,52,Tm=21:00,0 
730,03-20 21:02:59.153,52,52,Tm=21:00,0 
731,03-20 21:03:49.262,52,52,Tm=21:01,0 
732,03-20 21:04:39.198,52,52,Tm=21:02,0 
733,			,52,52,Tm=21:03,0 
734,03-20 21:06:19.588,52,52,Tm=21:04,0 
735,03-20 21:07:09.400,52,52,Tm=21:05,0 
736,03-20 21:07:59.337,52,52,Tm=21:05,0 
737,03-20 21:08:49.680,52,52,Tm=21:06,0 
738,03-20 21:09:39.383 0Cmode=7,52,52,Tm=21:07,0 
739,03-20 21:10:29.524,52,52,Tm=21:08,0 
740,03-20 21:11:19.461,52,52,Tm=21:09,0 
741,03-20 21:12:09.789,52,52,Tm=21:10,0 
742,03-20 21:12:59.508,52,52,Tm=21:10,0 
743,			,52,52,Tm=21:11,0 
744,03-20 21:14:39.570,52,52,Tm=21:12,0 
745,03-20 21:15:29.664,52,52,Tm=21:13,0 
746,03-20 21:16:19.679,52,52,Tm=21:14,0 
747,03-20 21:17:09.975,52,52,Tm=21:15,0 
748,03-20 21:17:59.726,52,52,Tm=21:15,0 
749,03-20 21:18:49.804,52,52,Tm=21:16,0 
750,03-20 21:19:39.788,52,52,Tm=21:17,0 
751,03-20 21:20:29.913,52,52,Tm=21:18,0 
752,03-20 21:21:19.835,52,52,Tm=21:19,0 
753,03-20 21:22:11.613,52,52,Tm=21:20,0 
754,Cmode=7,52,52,Tm=21:20,0 
755,Cmode=7,51,52,Tm=21:21,0 
756,			,51,51,Tm=21:22,0 
757,03-20 21:27:10.162,51,51,Tm=21:25,0 
758,03-20 21:28:00.380,51,51,Tm=21:25,0 
759,03-20 21:28:50.240,51,51,Tm=21:26,0 
760,03-20 21:29:40.177,51,51,Tm=21:27,0 
761,03-20 21:30:30.302,51,51,Tm=21:28,0 
762,03-20 21:32:10.364,51,51,Tm=21:30,0 
763,03-20 21:33:00.224,51,51,Tm=21:30,0 
764,03-20 21:33:50.442,51,51,Tm=21:31,0 
765,03-20 21:34:40.379,51,51,Tm=21:32,0 
766,03-20 21:35:30.504,51,51,Tm=21:33,0 
767,03-20 21:36:20.457,51,51,Tm=21:34,0 
768,03-20 21:37:10.566,51,51,Tm=21:35,0 
769,03-20 21:38:00.520,51,51,Tm=21:35,0 
770,03-20 21:38:50.629,51,51,Tm=21:36,0 
771,03-20 21:39:40.582,51,51,Tm=21:37,0 
772,03-20 21:40:30.706,51,51,Tm=21:38,0 
773,03-20 21:41:20.706,51,51,Tm=21:39,0 
774,03-20 21:42:48.226,51,51,Tm=21:40,0 
775,03-20 21:43:38.148,51,51,Tm=21:41,0 
776,03-20 21:44:28.257,51,51,Tm=21:42,0 
777,03-20 21:45:18.210,51,51,Tm=21:43,0 
778,03-20 21:46:08.319,51,51,Tm=21:43,0 
779,03-20 21:46:58.272,51,51,Tm=21:44,0 
780,03-20 21:47:48.381,51,51,Tm=21:45,0 
781,			,51,51,Tm=21:46,0 
782,03-20 21:49:28.444,51,51,Tm=21:47,0 
783,03-20 21:50:18.397,51,51,Tm=21:48,0 
784,03-20 21:51:08.521,51,51,Tm=21:48,0 
785,03-20 21:51:58.459,51,51,Tm=21:49,0 
786,03-20 21:52:48.576,51,51,Tm=21:50,0 
787,03-20 21:53:38.496,51,51,Tm=21:51,0 
788,03-20 21:54:28.603,51,51,Tm=21:52,0 
789,03-20 21:55:18.539,51,51,Tm=21:53,0 
790,			,51,51,Tm=21:53,0 
791,03-20 21:56:59.205,51,51,Tm=21:54,0 
792,03-20 21:57:48.662,51,51,Tm=21:55,0 
793,03-20 21:58:38.625,51,51,Tm=21:56,0 
794,03-20 21:59:28.728,51,51,Tm=21:57,0 
795,03-20 22:00:18.659,51,51,Tm=21:58,0 
796,03-20 22:01:08.778,51,51,Tm=21:58,0 
797,03-20 22:01:58.772,51,51,Tm=21:59,0 
798,03-20 22:02:48.751,51,51,Tm=22:00,0 
799,			 0Cmode=7,51,51,Tm=22:01,0 
800,03-20 22:04:29.106,51,51,Tm=22:02,0 
801,03-20 22:05:18.838,51,51,Tm=22:03,0 
802,03-20 22:06:08.945,51,51,Tm=22:03,0 
803,03-20 22:06:58.896,51,51,Tm=22:04,0 
804,03-20 22:07:49.019,51,51,Tm=22:05,0 
805,03-20 22:08:38.955,51,51,Tm=22:06,0 
806,03-20 22:09:29.078,51,51,Tm=22:07,0 
807,03-20 22:10:19.015,51,51,Tm=22:08,0 
808,03-20 22:11:09.138,51,51,Tm=22:08,0 
809,			,51,51,Tm=22:09,0 
810,03-20 22:12:49.214,51,51,Tm=22:10,0 
811,03-20 22:13:39.166,51,51,Tm=22:11,0 
812,03-20 22:14:29.275,51,51,Tm=22:12,0 
813,03-20 22:15:19.227,51,51,Tm=22:13,0 
814,03-20 22:16:09.336,51,51,Tm=22:13,0 
815,03-20 22:16:59.288,51,51,Tm=22:14,0 
816,			,54,51,Tm=22:16,0 
817,03-20 22:19:29.458,54,54,Tm=22:17,0 
818,03-20 22:20:19.411,54,54,Tm=22:18,0 
819,			,53,54,Tm=22:18,0 
820,			,52,53,Tm=22:19,0 
821,03-20 22:22:49.597,52,52,Tm=22:20,0 
822,03-20 22:23:39.550,52,52,Tm=22:21,0 
823,03-20 22:24:29.690 1Cmode=7,52,52,Tm=22:22,0 
824,03-20 22:25:19.674,52,52,Tm=22:23,0 
825,03-20 22:26:09.752,52,52,Tm=22:23,0 
826,03-20 22:26:59.689,52,52,Tm=22:24,0 
827,			,52,52,Tm=22:25,0 
828,03-20 22:28:39.750,52,52,Tm=22:26,0 
829,03-20 22:29:29.906,52,52,Tm=22:27,0 
830,03-20 22:30:19.859,52,52,Tm=22:28,0 
831,03-20 22:31:09.999,52,52,Tm=22:28,0 
832,03-20 22:31:59.920,52,52,Tm=22:29,0 
833,03-20 22:32:50.263,52,52,Tm=22:30,0 
834,03-20 22:33:40.013 0Cmode=7,52,52,Tm=22:31,0 
835,03-20 22:34:30.106,52,52,Tm=22:32,0 
836,			,52,52,Tm=22:33,0 
837,03-20 22:36:10.605,52,52,Tm=22:34,0 
838,03-20 22:37:00.090,52,52,Tm=22:34,0 
839,03-20 22:37:50.245,52,52,Tm=22:35,0 
840,03-20 22:38:40.136,52,52,Tm=22:36,0 
841,03-20 22:39:30.276,52,52,Tm=22:37,0 
842,03-20 22:40:20.228,52,52,Tm=22:38,0 
843,03-20 22:41:10.353,52,52,Tm=22:39,0 
844,03-20 22:42:14.861,52,52,Tm=22:40,0 
845,03-20 22:43:04.985,52,52,Tm=22:40,0 
846,03-20 22:43:54.938,52,52,Tm=22:41,0 
847,03-20 22:44:45.047,52,52,Tm=22:42,0 
848,03-20 22:45:35.000 0Cmode=7,52,52,Tm=22:43,0 
849,03-20 22:46:25.109,52,52,Tm=22:44,0 
850,03-20 22:47:15.061,52,52,Tm=22:45,0 
851,03-20 22:48:05.248,52,52,Tm=22:45,0 
852,			,52,52,Tm=22:46,0 
853,03-20 22:49:45.247,52,52,Tm=22:47,0 
854,			,52,52,Tm=22:48,0 
855,03-20 22:51:25.309,52,52,Tm=22:49,0 
856,03-20 22:52:15.262,52,52,Tm=22:50,0 
857,			,51,52,Tm=22:50,0 
858,			,52,51,Tm=22:51,0 
859,03-20 22:55:35.385,52,52,Tm=22:53,0 
860,			,51,52,Tm=22:54,0 
861,			,52,51,Tm=22:55,0 
862,			,52,52,Tm=22:55,0 
863,03-20 22:58:55.555,52,52,Tm=22:56,0 
864,03-20 22:59:46.413,51,52,Tm=22:57,0 
865,Cmode=7,52,51,Tm=22:58,0 
866,03-20 23:03:05.798,51,51,Tm=23:00,0 
867,03-20 23:03:55.758,51,51,Tm=23:01,0 
868,03-20 23:04:45.859,51,51,Tm=23:02,0 
869,			,52,51,Tm=23:03,0 
870,03-20 23:06:26.032,52,52,Tm=23:04,0 
871,03-20 23:07:15.873,51,52,Tm=23:05,0 
872,03-20 23:08:05.980,51,51,Tm=23:05,0 
873,03-20 23:08:55.930,51,51,Tm=23:06,0 
874,03-20 23:09:46.052,51,51,Tm=23:07,0 
875,03-20 23:10:37.250,51,51,Tm=23:08,0 
876,03-20 23:11:26.109,51,51,Tm=23:09,0 
877,03-20 23:12:16.045,51,51,Tm=23:10,0 
878,			,51,51,Tm=23:10,0 
879,03-20 23:13:56.167,51,51,Tm=23:11,0 
880,03-20 23:14:46.322,51,51,Tm=23:12,0 
881,03-20 23:15:36.648,51,51,Tm=23:13,0 
882,			,51,51,Tm=23:14,0 
883,			,52,51,Tm=23:15,0 
884,03-20 23:18:06.365 1Cmode=7,51,52,Tm=23:15,0 
885,03-20 23:18:57.176,51,51,Tm=23:16,0 
886,03-20 23:19:46.442,51,51,Tm=23:17,0 
887,			,52,51,Tm=23:18,0 
888,03-20 23:21:26.752,51,52,Tm=23:19,0 
889,			 0Cmode=7,51,51,Tm=23:20,0 
890,			,51,51,Tm=23:20,0 
891,03-20 23:23:57.358,51,51,Tm=23:21,0 
892,03-20 23:24:46.624,51,51,Tm=23:22,0 
893,03-20 23:25:36.577,51,51,Tm=23:23,0 
894,03-20 23:26:26.701,51,51,Tm=23:24,0 
895,03-20 23:27:16.654,51,51,Tm=23:25,0 
896,03-20 23:28:06.778,51,51,Tm=23:25,0 
897,03-20 23:28:56.700,51,51,Tm=23:26,0 
898,			,51,51,Tm=23:27,0 
899,03-20 23:30:37.230,51,51,Tm=23:28,0 
900,03-20 23:31:27.120,51,51,Tm=23:29,0 
901,03-20 23:32:16.823 0Cmode=7,51,51,Tm=23:30,0 
902,03-20 23:33:06.948,51,51,Tm=23:30,0 
903,03-20 23:33:56.900,51,51,Tm=23:31,0 
904,03-20 23:34:47.087,51,51,Tm=23:32,0 
905,03-20 23:35:36.978,51,51,Tm=23:33,0 
906,03-20 23:36:27.071,51,51,Tm=23:34,0 
907,03-20 23:37:17.024,51,51,Tm=23:35,0 
908,			,51,51,Tm=23:35,0 
909,03-20 23:38:57.163,51,51,Tm=23:36,0 
910,03-20 23:39:47.288,51,51,Tm=23:37,0 
911,03-20 23:40:37.240,51,51,Tm=23:38,0 
912,03-20 23:41:27.599,51,51,Tm=23:39,0 
913,03-20 23:42:20.469,51,51,Tm=23:40,0 
914,03-20 23:43:10.578,51,51,Tm=23:40,0 
915,03-20 23:44:00.531 0Cmode=7,51,51,Tm=23:41,0 
916,03-20 23:44:50.639,51,51,Tm=23:42,0 
917,03-20 23:45:40.592,51,51,Tm=23:43,0 
918,03-20 23:46:30.717,51,51,Tm=23:44,0 
919,03-20 23:47:20.669,51,51,Tm=23:45,0 
920,			,51,51,Tm=23:45,0 
921,03-20 23:49:01.542,51,51,Tm=23:46,0 
922,03-20 23:49:50.840,51,51,Tm=23:47,0 
923,03-20 23:50:40.793,51,51,Tm=23:48,0 
924,03-20 23:51:30.901,51,51,Tm=23:49,0 
925,03-20 23:52:20.854,51,51,Tm=23:50,0 
926,03-20 23:53:10.963,51,51,Tm=23:50,0 
927,03-20 23:54:00.931,51,51,Tm=23:51,0 
928,03-20 23:54:51.040,51,51,Tm=23:52,0 
929,			,51,51,Tm=23:53,0 
930,03-20 23:56:31.492,51,51,Tm=23:54,0 
931,03-20 23:57:21.055,51,51,Tm=23:55,0 
932,03-20 23:58:11.163,51,51,Tm=23:55,0 
933,03-20 23:59:01.116,51,51,Tm=23:56,0 
934,03-20 23:59:51.225,51,51,Tm=23:57,0 
935,03-20 00:00:41.178,51,51,Tm=23:58,0 
936,03-20 00:01:31.536,51,51,Tm=23:59,0 
937,			 0Cmode=7,51,51,Tm=00:00,0 
938,03-20 00:03:11.364,51,51,Tm=00:00,0 
939,03-20 00:04:01.426,51,51,Tm=00:01,0 
940,03-20 00:04:51.457,51,51,Tm=00:02,0 
941,03-20 00:05:41.425,51,51,Tm=00:03,0 
942,03-20 00:06:31.487,51,51,Tm=00:04,0 
943,03-20 00:07:21.455,51,51,Tm=00:05,0 
944,03-20 00:08:11.549,51,51,Tm=00:05,0 
945,03-20 00:09:02.233,51,51,Tm=00:06,0 
946,03-20 00:09:51.602 1Cmode=7,54,51,Tm=00:07,0 
947,03-20 00:10:41.251,55,54,Tm=00:08,0 
948,03-20 00:11:31.867,54,55,Tm=00:09,0 
949,03-20 00:12:21.547,53,54,Tm=00:10,0 
950,03-20 00:13:11.648,53,53,Tm=00:11,0 
951,03-20 00:14:51.679,52,52,Tm=00:12,0 
952,03-20 00:15:41.624,52,52,Tm=00:13,0 
953,03-20 00:16:31.724,52,52,Tm=00:14,0 
954,03-20 00:17:21.715,52,52,Tm=00:15,0 
955,03-20 00:18:11.769,52,52,Tm=00:16,0 
956,03-20 00:19:01.714,52,52,Tm=00:16,0 
957,03-20 00:19:51.819,52,52,Tm=00:17,0 
958,03-20 00:20:41.769,52,52,Tm=00:18,0 
959,03-20 00:21:31.999 0Cmode=7,52,52,Tm=00:19,0 
960,03-20 00:22:21.824,52,52,Tm=00:20,0 
961,03-20 00:23:11.945,52,52,Tm=00:21,0 
962,03-20 00:24:01.879,52,52,Tm=00:21,0 
963,03-20 00:24:52.002,52,52,Tm=00:22,0 
964,			,52,52,Tm=00:23,0 
965,03-20 00:26:32.154,52,52,Tm=00:24,0 
966,03-20 00:27:22.121,52,52,Tm=00:25,0 
967,03-20 00:28:12.228,52,52,Tm=00:26,0 
968,03-20 00:29:02.179,52,52,Tm=00:26,0 
969,03-20 00:29:52.303,52,52,Tm=00:27,0 
970,03-20 00:30:42.255,52,52,Tm=00:28,0 
971,03-20 00:31:32.269,52,52,Tm=00:29,0 
972,03-20 00:32:23.016,52,52,Tm=00:30,0 
973,			,52,52,Tm=00:31,0 
974,03-20 00:34:03.029,52,52,Tm=00:31,0 
975,03-20 00:34:52.513,52,52,Tm=00:32,0 
976,03-20 00:35:42.449,52,52,Tm=00:33,0 
977,03-20 00:36:32.588,52,52,Tm=00:34,0 
978,03-20 00:37:22.509,52,52,Tm=00:35,0 
979,03-20 00:38:12.632,52,52,Tm=00:36,0 
980,03-20 00:39:02.584,52,52,Tm=00:36,0 
981,03-20 00:39:52.661,52,52,Tm=00:37,0 
982,03-20 00:40:42.582,52,52,Tm=00:38,0 
983,03-20 00:41:32.924,52,52,Tm=00:39,0 
984,03-20 00:42:35.497,52,52,Tm=00:40,0 
985,			,52,52,Tm=00:41,0 
986,03-20 00:44:15.558 0Cmode=7,52,52,Tm=00:42,0 
987,03-20 00:45:05.681,52,52,Tm=00:42,0 
988,03-20 00:45:55.633,52,52,Tm=00:43,0 
989,03-20 00:46:45.742,52,52,Tm=00:44,0 
990,03-20 00:47:35.694,52,52,Tm=00:45,0 
991,03-20 00:48:25.802,52,52,Tm=00:46,0 
992,03-20 00:49:15.754,52,52,Tm=00:47,0 
993,03-20 00:50:05.862,52,52,Tm=00:47,0 
994,			,52,52,Tm=00:48,0 
995,03-20 00:51:46.469,52,52,Tm=00:49,0 
996,03-20 00:52:35.890,52,52,Tm=00:50,0 
997,03-20 00:53:25.999,52,52,Tm=00:51,0 
998,03-20 00:54:15.951,52,52,Tm=00:52,0 
999,03-20 00:55:06.059,52,52,Tm=00:52,0 
1000,03-20 00:55:56.011,52,52,Tm=00:53,0 
1001,03-20 00:56:46.119,52,52,Tm=00:54,0 
1002,03-20 00:57:36.071,52,52,Tm=00:55,0 
1003,03-20 00:58:26.180,52,52,Tm=00:56,0 
1004,03-20 00:59:16.132,52,52,Tm=00:57,0 
1005,03-20 01:00:06.240,52,52,Tm=00:57,0 
1006,03-20 01:00:56.208,52,52,Tm=00:58,0 
1007,03-20 01:01:46.316,52,52,Tm=00:59,0 
1008,03-20 01:02:37.329,52,52,Tm=01:00,0 
1009,03-20 01:03:26.392 0Cmode=7,52,52,Tm=01:01,0 
1010,03-20 01:04:16.344,52,52,Tm=01:02,0 
1011,03-20 01:05:06.452,52,52,Tm=01:02,0 
1012,			,52,52,Tm=01:03,0 
1013,03-20 01:06:46.544 1Cmode=7,52,52,Tm=01:04,0 
1014,			,52,52,Tm=01:05,0 
1015,03-20 01:08:26.682,52,52,Tm=01:06,0 
1016,03-20 01:10:06.633,52,52,Tm=01:07,0 
1017,			,51,52,Tm=01:08,0 
1018,03-20 01:11:46.709,52,51,Tm=01:09,0 
1019,			,51,52,Tm=01:10,0 
1020,Cmode=7,52,51,Tm=01:11,0 
1021,03-20 01:14:16.799,51,52,Tm=01:12,0 
1022,03-20 01:15:06.627,51,51,Tm=01:12,0 
1023,03-20 01:15:57.125,52,51,Tm=01:13,0 
1024,			,52,52,Tm=01:14,0 
1025,03-20 01:17:36.982,51,52,Tm=01:15,0 
1026,03-20 01:18:27.091,51,51,Tm=01:16,0 
1027,03-20 01:19:17.043,51,51,Tm=01:17,0 
1028,03-20 01:20:07.151,51,51,Tm=01:17,0 
1029,03-20 01:20:57.103,51,51,Tm=01:18,0 
1030,03-20 01:21:47.227,51,51,Tm=01:19,0 
1031,03-20 01:22:37.163,51,51,Tm=01:20,0 
1032,03-20 01:23:27.287,51,51,Tm=01:21,0 
1033,03-20 01:24:17.239,51,51,Tm=01:22,0 
1034,Cmode=7,51,51,Tm=01:22,0 
1035,			,52,51,Tm=01:23,0 
1036,03-20 01:26:47.501,51,52,Tm=01:24,0 
1037,03-20 01:27:37.454,51,51,Tm=01:25,0 
1038,03-20 01:28:27.562,51,51,Tm=01:26,0 
1039,03-20 01:29:17.514,51,51,Tm=01:27,0 
1040,03-20 01:30:58.167 1Cmode=7,51,52,Tm=01:28,0 
1041,03-20 01:31:47.682,51,51,Tm=01:29,0 
1042,03-20 01:32:37.650,51,51,Tm=01:30,0 
1043,03-20 01:33:27.758,51,51,Tm=01:31,0 
1044,03-20 01:34:17.695,51,51,Tm=01:32,0 
1045,03-20 01:35:07.819,51,51,Tm=01:32,0 
1046,0Cmode=7,52,51,Tm=01:33,0 
1047,			,51,52,Tm=01:34,0 
1048,03-20 01:37:37.956,51,51,Tm=01:35,0 
1049,03-20 01:38:28.080,51,51,Tm=01:36,0 
1050,			,51,51,Tm=01:37,0 
1051,03-20 01:40:08.140 0Cmode=7,51,51,Tm=01:37,0 
1052,03-20 01:40:58.077 0Cmode=7,51,51,Tm=01:38,0 
1053,03-20 01:42:27.295,51,51,Tm=01:40,0 
1054,03-20 01:43:17.247,51,51,Tm=01:41,0 
1055,03-20 01:44:07.371,51,51,Tm=01:41,0 
1056,03-20 01:44:57.323,51,51,Tm=01:42,0 
1057,03-20 01:45:47.431,51,51,Tm=01:43,0 
1058,			,51,51,Tm=01:44,0 
1059,03-20 01:47:27.975,51,51,Tm=01:45,0 
1060,03-20 01:48:17.443,51,51,Tm=01:46,0 
1061,03-20 01:49:07.552,51,51,Tm=01:46,0 
1062,03-20 01:49:57.504,51,51,Tm=01:47,0 
1063,03-20 01:50:47.612,51,51,Tm=01:48,0 
1064,03-20 01:51:37.564,51,51,Tm=01:49,0 
1065,03-20 01:52:27.688,51,51,Tm=01:50,0 
1066,03-20 01:53:17.640,51,51,Tm=01:51,0 
1067,03-20 01:54:07.748,51,51,Tm=01:51,0 
1068,03-20 01:54:57.825,51,51,Tm=01:52,0 
1069,03-20 01:55:47.808,51,51,Tm=01:53,0 
1070,03-20 01:56:37.761,51,51,Tm=01:54,0 
1071,03-20 01:57:27.869,51,51,Tm=01:55,0 
1072,03-20 01:58:17.821,51,51,Tm=01:56,0 
1073,03-20 01:59:07.929,51,51,Tm=01:56,0 
1074,03-20 01:59:57.881,51,51,Tm=01:57,0 
1075,03-20 02:00:48.005,51,51,Tm=01:58,0 
1076,03-20 02:01:37.942,51,51,Tm=01:59,0 
1077,			,51,51,Tm=02:00,0 
1078,03-20 02:03:18.844,51,51,Tm=02:01,0 
1079,03-20 02:04:08.126,51,51,Tm=02:01,0 
1080,03-20 02:04:58.078,51,51,Tm=02:02,0 
1081,03-20 02:05:48.186,51,51,Tm=02:03,0 
1082,03-20 02:06:38.138,51,51,Tm=02:04,0 
1083,03-20 02:07:28.246,51,51,Tm=02:05,0 
1084,03-20 02:08:18.214,51,51,Tm=02:06,0 
1085,03-20 02:09:08.322,51,51,Tm=02:06,0 
1086,			,51,51,Tm=02:07,0 
1087,03-20 02:10:48.741,51,51,Tm=02:08,0 
1088,03-20 02:11:38.335,51,51,Tm=02:09,0 
1089,03-20 02:12:28.693,51,51,Tm=02:10,0 
1090,03-20 02:13:18.395 0Cmode=7,51,51,Tm=02:11,0 
1091,03-20 02:14:08.503,51,51,Tm=02:11,0 
1092,03-20 02:14:58.471,51,51,Tm=02:12,0 
1093,03-20 02:15:48.564,51,51,Tm=02:13,0 
1094,03-20 02:16:38.531,51,51,Tm=02:14,0 
1095,03-20 02:17:28.640,51,51,Tm=02:15,0 
1096,			,51,51,Tm=02:16,0 
1097,03-20 02:19:08.762,51,51,Tm=02:16,0 
1098,03-20 02:19:58.714,51,51,Tm=02:17,0 
1099,03-20 02:20:48.823,51,51,Tm=02:18,0 
1100,03-20 02:21:38.790,51,51,Tm=02:19,0 
1101,03-20 02:22:29.132,51,51,Tm=02:20,0 
1102,03-20 02:23:18.835,51,51,Tm=02:21,0 
1103,03-20 02:24:08.959,51,51,Tm=02:21,0 
1104,03-20 02:24:58.911,51,51,Tm=02:22,0 
1105,			,51,51,Tm=02:23,0 
1106,03-20 02:26:39.606,51,51,Tm=02:24,0 
1107,03-20 02:27:28.991,51,51,Tm=02:25,0 
1108,03-20 02:28:18.906,51,51,Tm=02:26,0 
1109,03-20 02:29:08.992,51,51,Tm=02:26,0 
1110,03-20 02:29:58.891,51,51,Tm=02:27,0 
1111,03-20 02:30:48.970,51,51,Tm=02:28,0 
1112,03-20 02:31:38.909,51,51,Tm=02:29,0 
1113,03-20 02:32:29.238,51,51,Tm=02:30,0 
1114,03-20 02:33:18.942,51,51,Tm=02:31,0 
1115,03-20 02:34:09.287,51,51,Tm=02:31,0 
1116,03-20 02:34:58.991,51,51,Tm=02:32,0 
1117,03-20 02:35:49.869,51,51,Tm=02:33,0 
1118,			,54,51,Tm=02:34,0 
1119,03-20 02:37:29.171,55,54,Tm=02:35,0 
1120,03-20 02:38:19.087,54,55,Tm=02:36,0 
1121,03-20 02:39:09.206,53,54,Tm=02:36,0 
1122,			,53,53,Tm=02:37,0 
1123,03-20 02:40:49.742,53,53,Tm=02:38,0 
1124,			,52,53,Tm=02:39,0 
1125,03-20 02:42:31.826,52,52,Tm=02:40,0 
1126,03-20 02:43:21.776,52,52,Tm=02:41,0 
1127,03-20 02:44:11.898,52,52,Tm=02:41,0 
1128,03-20 02:45:01.848,52,52,Tm=02:42,0 
1129,03-20 02:45:51.971 1Cmode=7,52,52,Tm=02:43,0 
1130,03-20 02:46:41.906,52,52,Tm=02:44,0 
1131,03-20 02:47:32.013,52,52,Tm=02:45,0 
1132,03-20 02:48:21.965,52,52,Tm=02:46,0 
1133,03-20 02:49:12.087 1Cmode=7,52,52,Tm=02:46,0 
1134,03-20 02:50:03.817,52,52,Tm=02:47,0 
1135,03-20 02:50:52.161,52,52,Tm=02:48,0 
1136,03-20 02:51:42.846,52,52,Tm=02:49,0 
1137,03-20 02:52:32.220 0Cmode=7,52,52,Tm=02:50,0 
1138,03-20 02:53:22.188,52,52,Tm=02:51,0 
1139,03-20 02:54:12.264,52,52,Tm=02:51,0 
1140,03-20 02:55:02.231,52,52,Tm=02:52,0 
1141,03-20 02:55:52.386,52,52,Tm=02:53,0 
1142,03-20 02:56:42.306,52,52,Tm=02:54,0 
1143,03-20 02:57:32.430,52,52,Tm=02:55,0 
1144,			,52,52,Tm=02:56,0 
1145,03-20 02:59:12.957,52,52,Tm=02:56,0 
1146,03-20 03:00:02.426,52,52,Tm=02:57,0 
1147,03-20 03:00:52.549,52,52,Tm=02:58,0 
1148,03-20 03:01:42.470,52,52,Tm=02:59,0 
1149,03-20 03:02:32.609,52,52,Tm=03:00,0 
1150,03-20 03:03:22.560,52,52,Tm=03:01,0 
1151,03-20 03:04:12.684,52,52,Tm=03:01,0 
1152,03-20 03:05:02.636,52,52,Tm=03:02,0 
1153,03-20 03:05:52.759,52,52,Tm=03:03,0 
1154,03-20 03:06:42.805,52,52,Tm=03:04,0 
1155,03-20 03:07:32.850,52,52,Tm=03:05,0 
1156,03-20 03:08:22.740,52,52,Tm=03:06,0 
1157,03-20 03:09:12.863,52,52,Tm=03:06,0 
1158,03-20 03:10:02.815,52,52,Tm=03:07,0 
1159,03-20 03:10:52.891,52,52,Tm=03:08,0 
1160,03-20 03:11:42.874,52,52,Tm=03:09,0 
1161,03-20 03:12:33.138,52,52,Tm=03:10,0 
1162,03-20 03:13:22.934,52,52,Tm=03:11,0 
1163,			,52,52,Tm=03:11,0 
1164,03-20 03:15:03.852,52,52,Tm=03:12,0 
1165,03-20 03:15:53.164,52,52,Tm=03:13,0 
1166,03-20 03:16:43.085,52,52,Tm=03:14,0 
1167,03-20 03:17:33.177,52,52,Tm=03:15,0 
1168,03-20 03:18:23.144,52,52,Tm=03:16,0 
1169,03-20 03:19:13.221,52,52,Tm=03:16,0 
1170,03-20 03:20:03.220,52,52,Tm=03:17,0 
1171,03-20 03:20:53.328,52,52,Tm=03:18,0 
1172,			,52,52,Tm=03:19,0 
1173,03-20 03:22:33.746,52,52,Tm=03:20,0 
1174,03-20 03:23:23.323,52,52,Tm=03:21,0 
1175,03-20 03:24:13.463,52,52,Tm=03:21,0 
1176,03-20 03:25:03.368,52,52,Tm=03:22,0 
1177,03-20 03:25:53.491,52,52,Tm=03:23,0 
1178,03-20 03:26:43.427,52,52,Tm=03:24,0 
1179,03-20 03:27:33.519,52,52,Tm=03:25,0 
1180,03-20 03:28:23.487,52,52,Tm=03:26,0 
1181,03-20 03:29:13.595,52,52,Tm=03:26,0 
1182,			,52,52,Tm=03:27,0 
1183,03-20 03:30:53.779,52,52,Tm=03:28,0 
1184,03-20 03:31:43.731,52,52,Tm=03:29,0 
1185,03-20 03:32:33.886,52,52,Tm=03:30,0 
1186,03-20 03:33:23.760,52,52,Tm=03:31,0 
1187,03-20 03:34:13.852,52,52,Tm=03:31,0 
1188,03-20 03:35:03.835,52,52,Tm=03:32,0 
1189,03-20 03:35:53.958,52,52,Tm=03:33,0 
1190,03-20 03:36:43.895,52,52,Tm=03:34,0 
1191,			,52,52,Tm=03:35,0 
1192,03-20 03:38:24.641,52,52,Tm=03:36,0 
1193,03-20 03:39:14.062,52,52,Tm=03:36,0 
1194,03-20 03:40:04.014,52,52,Tm=03:37,0 
1195,03-20 03:40:54.122,52,52,Tm=03:38,0 
1196,03-20 03:42:26.927,52,52,Tm=03:40,0 
1197,03-20 03:43:16.988,52,52,Tm=03:41,0 
1198,03-20 03:44:06.925,52,52,Tm=03:41,0 
1199,03-20 03:44:57.001,52,52,Tm=03:42,0 
1200,03-20 03:45:47.390,52,52,Tm=03:43,0 
1201,03-20 03:46:37.092,52,52,Tm=03:44,0 
1202,03-20 03:47:27.075 0Cmode=7,52,52,Tm=03:45,0 
1203,03-20 03:48:17.167,52,52,Tm=03:46,0 
1204,03-20 03:49:07.088,52,52,Tm=03:46,0 
1205,03-20 03:49:57.243,52,52,Tm=03:47,0 
1206,03-20 03:50:47.163,52,52,Tm=03:48,0 
1207,03-20 03:51:37.256,52,52,Tm=03:49,0 
1208,03-20 03:52:27.223,52,52,Tm=03:50,0 
1209,03-20 03:53:17.346,52,52,Tm=03:51,0 
1210,03-20 03:54:07.376,52,52,Tm=03:51,0 
1211,03-20 03:54:57.406,52,52,Tm=03:52,0 
1212,03-20 03:55:47.389,52,52,Tm=03:53,0 
1213,03-20 03:56:37.481 0Cmode=7,52,52,Tm=03:54,0 
1214,03-20 03:57:27.402,52,52,Tm=03:55,0 
1215,03-20 03:58:17.510 1Cmode=7,52,52,Tm=03:56,0 
1216,03-20 03:59:07.477,52,52,Tm=03:56,0 
1217,03-20 03:59:57.585,52,52,Tm=03:57,0 
1218,03-20 04:00:47.568,52,52,Tm=03:58,0 
1219,03-20 04:01:37.645,52,52,Tm=03:59,0 
1220,03-20 04:03:17.720,52,51,Tm=04:01,0 
1221,03-20 04:04:57.780,52,52,Tm=04:02,0 
1222,			 Cmode=7,WIn=52,La,,
1223,Cmode=7,52,52,Tm=04:05,0 
1224,03-20 04:08:17.993,51,52,Tm=04:06,0 
1225,03-20 04:09:07.945,52,51,Tm=04:06,0 
1226,			,51,52,Tm=04:07,0 
1227,			,52,51,Tm=04:08,0 
1228,			,51,52,Tm=04:09,0 
1229,Cmode=7,51,51,Tm=04:10,0 
1230,03-20 04:13:18.359,51,51,Tm=04:11,0 
1231,			,51,51,Tm=04:11,0 
1232,03-20 04:14:59.230 1Cmode=7,51,51,Tm=04:12,0 
1233,03-20 04:15:48.464,52,51,Tm=04:13,0 
1234,03-20 04:16:38.447,51,52,Tm=04:14,0 
1235,03-20 04:17:28.508,51,51,Tm=04:15,0 
1236,			,51,51,Tm=04:17,0 
1237,Do not push new ai_appoint.since Cmode=7,or appoint is empty.,,,
1238,			,51,51,Tm=04:18,0 
1239,			,52,51,Tm=04:19,0 
1240,03-20 04:22:05.474,51,52,Tm=04:20,0 
1241,03-20 04:22:55.426,51,51,Tm=04:20,0 
1242,Cmode=7,52,51,Tm=04:21,0 
1243,Cmode=7,52,52,Tm=04:22,0 
1244,03-20 04:25:25.656 1Cmode=7,51,52,Tm=04:23,0 
1245,03-20 04:26:15.608,51,51,Tm=04:24,0 
1246,03-20 04:27:05.700,51,51,Tm=04:25,0 
1247,03-20 04:27:55.668,51,51,Tm=04:25,0 
1248,			,51,51,Tm=04:26,0 
1249,03-20 04:29:35.727,51,51,Tm=04:27,0 
1250,03-20 04:30:25.835,51,51,Tm=04:28,0 
1251,03-20 04:31:16.302,51,51,Tm=04:29,0 
1252,03-20 04:32:05.910 1Cmode=7,51,51,Tm=04:30,0 
1253,03-20 04:32:55.847,51,51,Tm=04:30,0 
1254,03-20 04:33:45.970,51,51,Tm=04:31,0 
1255,03-20 04:34:36.827,51,51,Tm=04:32,0 
1256,03-20 04:35:26.030 1Cmode=7,51,51,Tm=04:33,0 
1257,03-20 04:36:15.997,51,51,Tm=04:34,0 
1258,03-20 04:37:06.105,51,51,Tm=04:35,0 
1259,03-20 04:37:56.041,51,51,Tm=04:35,0 
1260,03-20 04:38:46.165,51,51,Tm=04:36,0 
1261,03-20 04:39:36.101,51,51,Tm=04:37,0 
1262,			,51,51,Tm=04:38,0 
1263,03-20 04:41:16.161,51,51,Tm=04:39,0 
1264,03-20 04:42:06.284,51,51,Tm=04:40,0 
1265,03-20 04:42:56.236 0Cmode=7,51,51,Tm=04:40,0 
1266,03-20 04:43:46.345,51,51,Tm=04:41,0 
1267,03-20 04:44:36.297,51,51,Tm=04:42,0 
1268,03-20 04:45:26.421,51,51,Tm=04:43,0 
1269,03-20 04:46:16.374 0Cmode=7,51,51,Tm=04:44,0 
1270,03-20 04:47:06.482,51,51,Tm=04:45,0 
1271,03-20 04:47:56.419,51,51,Tm=04:45,0 
1272,03-20 04:48:46.590,51,51,Tm=04:46,0 
1273,03-20 04:49:36.479,51,51,Tm=04:47,0 
1274,03-20 04:50:26.603,51,51,Tm=04:48,0 
1275,			,51,51,Tm=04:49,0 
1276,03-20 04:52:07.350,51,51,Tm=04:50,0 
1277,03-20 04:52:56.615,51,51,Tm=04:50,0 
1278,03-20 04:53:46.723,51,51,Tm=04:51,0 
1279,03-20 04:54:36.675,51,51,Tm=04:52,0 
1280,03-20 04:55:26.798,51,51,Tm=04:53,0 
1281,03-20 04:56:16.750,51,51,Tm=04:54,0 
1282,03-20 04:57:06.858,51,51,Tm=04:55,0 
1283,03-20 04:57:56.810,51,51,Tm=04:55,0 
1284,			,51,51,Tm=04:56,0 
1285,03-20 04:59:37.275 0Cmode=7,51,51,Tm=04:57,0 
1286,03-20 05:00:26.993,51,51,Tm=04:58,0 
1287,03-20 05:01:16.976,51,51,Tm=04:59,0 
1288,03-20 05:02:07.053,51,51,Tm=05:00,0 
1289,03-20 05:02:57.036,51,51,Tm=05:00,0 
1290,03-20 05:03:47.159,51,51,Tm=05:01,0 
1291,03-20 05:04:37.142,51,51,Tm=05:02,0 
1292,03-20 05:05:27.219,51,51,Tm=05:03,0 
1293,03-20 05:06:17.155,51,51,Tm=05:04,0 
1294,			,51,51,Tm=05:05,0 
1295,03-20 05:07:57.246,51,51,Tm=05:05,0 
1296,03-20 05:08:47.557,51,51,Tm=05:06,0 
1297,03-20 05:09:37.290 0Cmode=7,51,51,Tm=05:07,0 
1298,03-20 05:10:27.382,51,51,Tm=05:08,0 
1299,03-20 05:11:17.350,51,51,Tm=05:09,0 
1300,03-20 05:12:07.489,51,51,Tm=05:10,0 
1301,03-20 05:12:57.456,51,51,Tm=05:10,0 
1302,03-20 05:13:47.533,51,51,Tm=05:11,0 
1303,			,51,51,Tm=05:12,0 
1304,03-20 05:15:28.185,51,51,Tm=05:13,0 
1305,03-20 05:16:17.529,51,51,Tm=05:14,0 
1306,03-20 05:17:07.637,51,51,Tm=05:15,0 
1307,03-20 05:17:57.589,51,51,Tm=05:15,0 
1308,			,51,51,Tm=05:17,0 
1309,03-20 05:20:14.527,51,51,Tm=05:18,0 
1310,03-20 05:21:04.151,51,51,Tm=05:18,0 
1311,03-20 05:21:54.103,51,51,Tm=05:19,0 
1312,03-20 05:22:44.211,51,51,Tm=05:20,0 
1313,03-20 05:23:34.163,51,51,Tm=05:21,0 
1314,03-20 05:24:24.271,51,51,Tm=05:22,0 
1315,03-20 05:25:14.223,51,51,Tm=05:23,0 
1316,03-20 05:26:04.330,51,51,Tm=05:23,0 
1317,03-20 05:26:54.282,51,51,Tm=05:24,0 
1318,			,51,51,Tm=05:25,0 
1319,03-20 05:28:34.436,51,51,Tm=05:26,0 
1320,03-20 05:29:24.543,51,51,Tm=05:27,0 
1321,03-20 05:30:14.495,51,51,Tm=05:28,0 
1322,03-20 05:31:04.603,51,51,Tm=05:28,0 
1323,03-20 05:31:54.555,51,51,Tm=05:29,0 
1324,03-20 05:32:44.678,51,51,Tm=05:30,0 
1325,03-20 05:33:34.615,51,51,Tm=05:31,0 
1326,03-20 05:34:24.722,51,51,Tm=05:32,0 
1327,			,51,51,Tm=05:33,0 
1328,03-20 05:36:05.422,51,51,Tm=05:33,0 
1329,03-20 05:36:54.750,51,51,Tm=05:34,0 
1330,03-20 05:37:44.857,51,51,Tm=05:35,0 
1331,03-20 05:38:34.794,51,51,Tm=05:36,0 
1332,03-20 05:39:24.964,51,51,Tm=05:37,0 
1333,03-20 05:40:14.853,51,51,Tm=05:38,0 
1334,03-20 05:41:04.977,51,51,Tm=05:38,0 
1335,03-20 05:41:54.929,51,51,Tm=05:39,0 
1336,			,51,51,Tm=05:40,0 
1337,03-20 05:43:35.316,51,51,Tm=05:41,0 
1338,03-20 05:44:25.096,51,51,Tm=05:42,0 
1339,03-20 05:45:15.064,51,51,Tm=05:43,0 
1340,03-20 05:46:05.171,51,51,Tm=05:43,0 
1341,03-20 05:46:55.123,53,51,Tm=05:44,0 
1342,03-20 05:47:44.810 1Cmode=7,54,53,Tm=05:45,0 
1343,03-20 05:48:35.183,54,54,Tm=05:46,0 
1344,			,53,54,Tm=05:47,0 
1345,03-20 05:50:15.991,53,53,Tm=05:48,0 
1346,03-20 05:51:05.366 1Cmode=7,53,53,Tm=05:48,0 
1347,Cmode=7,52,53,Tm=05:49,0 
1348,			,52,52,Tm=05:50,0 
1349,Cmode=7,52,52,Tm=05:52,0 
1350,			,52,52,Tm=05:53,0 
1351,			,52,52,Tm=05:53,0 
1352,03-20 05:56:56.433 1Cmode=7,52,52,Tm=05:54,0 
1353,03-20 05:57:45.808 1Cmode=7,52,52,Tm=05:55,0 
1354,03-20 05:58:35.759,52,52,Tm=05:56,0 
1355,			,53,52,Tm=05:57,0 
1356,			,53,53,Tm=05:58,0 
1357,03-20 06:01:05.974,52,53,Tm=05:58,0 
1358,03-20 06:01:55.941,52,52,Tm=05:59,0 
1359,03-20 06:02:46.049,52,52,Tm=06:00,0 
1360,03-20 06:03:35.985,52,52,Tm=06:01,0 
1361,03-20 06:04:26.109,52,52,Tm=06:02,0 
1362,03-20 06:05:16.061 1Cmode=7,52,52,Tm=06:03,0 
1363,			,52,52,Tm=06:04,0 
1364,			,52,52,Tm=06:04,0 
1365,03-20 06:07:46.244,52,52,Tm=06:05,0 
1366,03-20 06:08:36.196,52,52,Tm=06:06,0 
1367,03-20 06:09:26.303,52,52,Tm=06:07,0 
1368,03-20 06:10:16.255,52,52,Tm=06:08,0 
1369,03-20 06:11:06.363 1Cmode=7,52,52,Tm=06:09,0 
1370,03-20 06:11:56.299,52,52,Tm=06:09,0 
1371,03-20 06:12:46.438,52,52,Tm=06:10,0 
1372,03-20 06:13:36.375,52,52,Tm=06:11,0 
1373,03-20 06:14:26.498,52,52,Tm=06:12,0 
1374,03-20 06:15:16.450,52,52,Tm=06:13,0 
1375,03-20 06:16:06.558,52,52,Tm=06:14,0 
1376,03-20 06:16:56.541,52,52,Tm=06:14,0 
1377,03-20 06:17:46.649,52,52,Tm=06:15,0 
1378,03-20 06:18:37.926,52,52,Tm=06:16,0 
1379,03-20 06:20:13.384,52,52,Tm=06:18,0 
1380,03-20 06:21:03.383,52,52,Tm=06:18,0 
1381,03-20 06:21:53.444,52,52,Tm=06:19,0 
1382,03-20 06:22:43.396,52,52,Tm=06:20,0 
1383,03-20 06:23:33.503,52,52,Tm=06:21,0 
1384,03-20 06:24:23.455,52,52,Tm=06:22,0 
1385,			,52,52,Tm=06:23,0 
1386,03-20 06:26:03.562,52,52,Tm=06:23,0 
1387,03-20 06:26:53.654,52,52,Tm=06:24,0 
1388,03-20 06:27:43.606,52,52,Tm=06:25,0 
1389,03-20 06:28:33.714,52,52,Tm=06:26,0 
1390,03-20 06:29:23.666,52,52,Tm=06:27,0 
1391,03-20 06:30:13.789,52,52,Tm=06:28,0 
1392,03-20 06:31:03.803,52,52,Tm=06:28,0 
1393,03-20 06:31:53.849,52,52,Tm=06:29,0 
1394,			,52,52,Tm=06:30,0 
1395,03-20 06:33:34.501,52,52,Tm=06:31,0 
1396,03-20 06:34:23.860,52,52,Tm=06:32,0 
1397,03-20 06:35:13.968,52,52,Tm=06:33,0 
1398,03-20 06:36:03.920,52,52,Tm=06:33,0 
1399,03-20 06:36:54.043,52,52,Tm=06:34,0 
1400,03-20 06:37:43.995,52,52,Tm=06:35,0 
1401,03-20 06:38:34.119,52,52,Tm=06:36,0 
1402,03-20 06:39:24.055,52,52,Tm=06:37,0 
1403,03-20 06:40:14.163,52,52,Tm=06:38,0 
1404,03-20 06:41:04.380,52,52,Tm=06:38,0 
1405,03-20 06:41:54.222,52,52,Tm=06:39,0 
1406,03-20 06:42:44.174,52,52,Tm=06:40,0 
1407,03-20 06:43:34.282,52,52,Tm=06:41,0 
1408,03-20 06:44:24.234,52,52,Tm=06:42,0 
1409,03-20 06:45:14.342,52,52,Tm=06:43,0 
1410,03-20 06:46:04.309,52,52,Tm=06:43,0 
1411,03-20 06:46:54.417,52,52,Tm=06:44,0 
1412,03-20 06:47:44.369,52,52,Tm=06:45,0 
1413,			,52,52,Tm=06:46,0 
1414,03-20 06:49:24.429,52,52,Tm=06:47,0 
1415,03-20 06:50:14.536,52,52,Tm=06:48,0 
1416,03-20 06:51:04.488,52,52,Tm=06:48,0 
1417,03-20 06:51:54.596,52,52,Tm=06:49,0 
1418,03-20 06:52:44.548,52,52,Tm=06:50,0 
1419,03-20 06:53:34.671,52,52,Tm=06:51,0 
1420,03-20 06:54:24.608,52,52,Tm=06:52,0 
1421,03-20 06:55:14.731,52,52,Tm=06:53,0 
1422,			,52,52,Tm=06:53,0 
1423,03-20 06:56:55.259,52,52,Tm=06:54,0 
1424,03-20 06:57:44.727,52,52,Tm=06:55,0 
1425,03-20 06:58:34.850,52,52,Tm=06:56,0 
1426,03-20 06:59:24.794,52,52,Tm=06:57,0 
